id,comment
1,"I absolutely love this product, it exceeded all my expectations."
2,"The service was terrible and the support team was not helpful at all."
3,"It works as expected, nothing more and nothing less."
4,"I am very disappointed with the quality, it broke after one week."
5,"Great experience overall, I would definitely recommend it."
6,"The interface is confusing and hard to navigate."
7,"Customer support responded quickly and solved my issue."
8,"I feel neutral about this, it does the job but nothing special."
9,"This is the worst purchase I have made this year."
10,"Fantastic performance and excellent value for money."
11,"The update improved some features but introduced new bugs."
12,"I am satisfied with the results so far."
13,"It is overpriced for what it offers."
14,"Everything works smoothly and without any problems."
15,"I regret buying this, it was a waste of money."
16,"The documentation is clear and easy to understand."
17,"Sometimes it crashes, but overall it is acceptable."
18,"I am extremely happy with this solution."
19,"The experience was average, not good and not bad."
20,"Poor design and very slow performance."
